<?xml version="1.0" encoding="utf-8"?>
<!--LibOVRAvatar plugin additions-->
<root xmlns:android="http://schemas.android.com/apk/res/android">
	<!-- init section is always evaluated once per architecture -->
	<init>
		<log text="LibOVRAvatar init"/>
		<!-- currently only support armv7 -->
		<setBool result="bSupported" value="false"/>
		<isArch arch="armeabi-v7a">
			<setBool result="bSupported" value="true"/>
		</isArch>
	</init>

	<!-- optional updates applied to AndroidManifest.xml 
	<androidManifestUpdates>
	</androidManifestUpdates>
  -->

	<!-- optional additions to proguard -->
	<proguardAdditions>
		<insert>
-keep class com.oculus.** {
   *;
}
-keep class android.app.** {
   *;
}
		</insert>
	</proguardAdditions>
	
	<!-- optional files or directories to copy to Intermediate/Android/APK -->
	<resourceCopies>
		<isArch arch="armeabi-v7a">
			<copyFile src="$S(EngineDir)/Source/ThirdParty/Oculus/LibOVRAvatar/LibOVRAvatar/lib/armeabi-v7a/libovravatarloader.so"
						dst="$S(BuildDir)/libs/armeabi-v7a/libovravatarloader.so" />
		</isArch>
	</resourceCopies>

	<!-- optional additions to the GameActivity imports in GameActivity.java
	<gameActivityImportAdditions>
	</gameActivityImportAdditions>
	-->

	<!-- optional additions to the GameActivity class in GameActivity.java 
	<gameActivityClassAdditions>
	</gameActivityClassAdditions>
  -->
	
	<!-- optional additions to GameActivity onCreate metadata reading in GameActivity.java 
	<gameActivityReadMetadataAdditions>
	</gameActivityReadMetadataAdditions>
  -->
	
	<!-- optional additions to GameActivity onCreate in GameActivity.java
	<gameActivityOnCreateAdditions>
	</gameActivityOnCreateAdditions>
	-->

	<!-- optional additions to GameActivity onDestroy in GameActivity.java
	<gameActivityOnDestroyAdditions>
	</gameActivityOnDestroyAdditions>
	-->
	
	<!-- optional additions to GameActivity onStart in GameActivity.java
	<gameActivityOnStartAdditions>
	</gameActivityOnStartAdditions>
	-->

	<!-- optional additions to GameActivity onStop in GameActivity.java
	<gameActivityOnStopAdditions>
	</gameActivityOnStopAdditions>
	-->

	<!-- optional additions to GameActivity onPause in GameActivity.java
	<gameActivityOnPauseAdditions>
	</gameActivityOnPauseAdditions>
	-->

	<!-- optional additions to GameActivity onResume in GameActivity.java
	<gameActivityOnResumeAdditions>
	</gameActivityOnResumeAdditions>
	-->

	<!-- optional additions to GameActivity onActivityResult in GameActivity.java
	<gameActivityOnActivityResultAdditions>
	</gameActivityOnActivityResultAdditions>
	-->

	<!-- optional libraries to load in GameActivity.java before libUE4.so -->
	<soLoadLibrary>
		<!-- need this if plugin enabled and supported architecture, even if not packaged for LibOVRAvatar -->
		<if condition="bSupported">
			<true>
				<loadLibrary name="ovravatarloader" failmsg="LibOVRAvatar library not loaded and required!" />
			</true>
		</if>
	</soLoadLibrary>
</root>
